sep=	
time (source1)	data.0	data.1	data.2	data.3	data.4	data.5	
0	0	0	-1023	1023	0	3470	
0.027	389	168	-932	1023	9	3492	
0.048	384	136	-939	1023	7	3518	
0.073	386	135	-938	1023	7	3539	
0.094	387	131	-938	1023	7	3565	
0.12	387	127	-939	1023	7	3586	
0.141	387	127	-939	1023	7	3612	
0.167	387	127	-939	1023	7	3633	
0.194	387	127	-939	1023	7	3659	
0.214	387	127	-939	1023	7	3685	
0.24	387	127	-939	1023	7	3705	
0.26	387	127	-939	1023	7	3731	
0.286	387	127	-939	1023	7	3752	
0.307	387	127	-939	1023	7	3778	
0.333	387	127	-939	1023	7	3798	
0.358	387	127	-939	1023	7	3824	
0.379	386	127	-939	1023	7	3850	
0.405	384	127	-940	1023	7	3870	
0.425	379	127	-942	1023	7	3896	
0.454	376	133	-943	1023	7	3916	
0.474	346	168	-948	1023	9	3945	
0.504	314	199	-954	1023	11	3967	
0.525	263	239	-960	1023	13	3996	
0.554	239	253	-962	1023	14	4016	
0.579	211	269	-965	1023	15	4045	
0.6	205	272	-965	1023	15	4071	
0.625	192	278	-966	1023	15	4091	
0.65	127	321	-963	1023	18	4121	
0.676	112	333	-961	1023	18	4142	
0.701	62	357	-957	1023	20	4171	
0.726	34	368	-954	1023	21	4192	
0.757	-14	382	-949	1023	21	4223	
0.778	-41	386	-947	1023	22	4249	
0.807	-71	381	-947	1023	21	4273	
0.828	-106	376	-946	1023	21	4299	
0.857	-185	339	-948	1023	19	4322	
0.878	-233	312	-946	1023	17	4348	
0.903	-272	278	-947	1023	15	4369	
0.924	-325	217	-946	1023	12	4395	
0.951	-372	153	-941	1023	8	4422	
0.977	-377	143	-941	1023	8	4442	
1.001	-390	109	-940	1023	6	4472	
1.026	-392	68	-943	1023	3	4492	
1.051	-354	-128	-952	1023	-8	4522	
1.077	-315	-254	-940	1023	-15	4542	
1.101	-271	-347	-924	1023	-20	4572	
1.127	-232	-397	-914	1023	-23	4593	
1.156	-174	-450	-903	1023	-27	4621	
1.176	-144	-474	-896	1023	-28	4647	
1.206	-116	-490	-891	1023	-29	4671	
1.226	-102	-497	-889	1023	-30	4697	
1.252	-85	-504	-887	1023	-30	4718	
1.273	-49	-507	-888	1023	-30	4743	
1.3	-22	-508	-888	1023	-30	4764	
1.325	7	-505	-890	1023	-30	4791	
1.35	43	-503	-890	1023	-30	4821	
1.376	61	-497	-893	1023	-30	4841	
1.401	89	-483	-898	1023	-29	4872	
1.427	105	-475	-900	1023	-28	4892	
1.452	125	-456	-908	1023	-27	4923	
1.478	141	-435	-916	1023	-26	4944	
1.502	184	-359	-941	1023	-21	4973	
1.528	247	-218	-969	1023	-13	4998	
1.556	335	-50	-966	1023	-3	5021	
1.576	371	35	-953	1023	1	5047	
1.606	399	151	-930	1023	8	5071	
1.626	397	164	-929	1023	9	5097	
1.656	395	203	-922	1023	11	5122	
1.679	388	244	-915	1023	13	5150	
1.707	281	586	-791	1023	34	5173	
1.735	183	778	-639	1023	49	5199	
1.755	79	891	-497	1023	60	5226	
1.784	12	920	-448	1023	64	5247	
1.804	-23	942	-399	1023	67	5275	
1.832	-43	945	-390	1023	67	5296	
1.852	-69	945	-386	1023	67	5323	
1.878	-81	944	-386	1023	67	5344	
1.906	-96	942	-388	1023	67	5370	
1.927	-174	920	-413	1023	64	5398	
1.956	-305	878	-428	1023	59	5422	
1.977	-324	865	-440	1023	57	5447	
2.005	-358	849	-445	1023	56	5471	
2.025	-365	846	-445	1023	55	5496	
2.059	-389	838	-440	1023	54	5525	
2.085	-436	813	-443	1023	52	5556	
2.111	-470	792	-446	1023	50	5577	
2.141	-523	739	-477	1023	46	5607	
2.162	-533	722	-492	1023	44	5632	
2.193	-607	533	-628	1023	31	5655	
2.216	-628	388	-709	1023	22	5687	
2.241	-628	326	-739	1023	18	5707	
2.262	-625	232	-776	1023	13	5733	
2.289	-604	43	-825	1023	2	5755	
2.317	-570	-56	-848	1023	-4	5780	
2.338	-533	-132	-864	1023	-8	5809	
2.367	-485	-191	-881	1023	-11	5829	
2.388	-320	-307	-922	1023	-18	5859	
2.416	-190	-362	-938	1023	-21	5879	
2.437	-19	-363	-957	1023	-21	5908	
2.468	91	-345	-959	1023	-20	5928	
2.488	375	-264	-915	1023	-15	5959	
2.517	657	-108	-777	1023	-7	5988	
2.543	859	60	-553	1023	3	6009	
2.567	1023	215	215	1067	11	6038	
2.592	1023	260	260	1087	13	6058	
2.617	1023	371	371	1149	18	6087	
2.642	1023	499	499	1242	23	6108	
2.663	1023	589	589	1319	26	6134	
2.689	1023	658	658	1382	28	6154	
2.717	1023	698	698	1421	29	6180	
2.738	1023	743	743	1466	30	6208	
2.766	1023	768	768	1492	30	6229	
2.787	1023	828	828	1554	32	6258	
2.816	935	878	773	1497	35	6278	
2.836	546	957	409	1175	54	6307	
2.868	420	988	325	1121	61	6328	
2.894	-146	931	-399	1023	65	6359	
2.914	-435	785	-491	1023	50	6385	
2.939	-544	683	-534	1023	41	6405	
2.96	-640	560	-569	1023	33	6431	
2.987	-758	306	-616	1023	17	6452	
3.007	-800	116	-627	1023	6	6478	
3.035	-803	-82	-629	1023	-5	6498	
3.055	-789	-267	-594	1023	-16	6526	
3.084	-767	-337	-588	1023	-20	6547	
3.11	-698	-439	-606	1023	-26	6575	
3.136	-550	-545	-669	1023	-33	6607	
3.162	-500	-561	-695	1023	-34	6627	
3.184	-239	-546	-832	1023	-33	6655	
3.209	-175	-527	-860	1023	-31	6675	
3.234	165	-379	-936	1023	-22	6704	
3.259	392	-209	-922	1023	-12	6725	
3.289	609	-23	-822	1023	-2	6755	
3.309	673	24	-771	1023	1	6780	
3.34	694	47	-751	1023	2	6805	
3.36	695	53	-749	1023	2	6831	
3.386	695	53	-749	1023	2	6851	
3.406	695	53	-749	1023	2	6877	
3.432	695	53	-749	1023	2	6898	
3.453	695	53	-749	1023	2	6924	
3.478	695	53	-749	1023	2	6949	
3.504	695	53	-749	1023	2	6969	
3.524	695	53	-749	1023	2	6995	
3.55	695	53	-749	1023	2	7016	
3.571	695	53	-749	1023	2	7042	
3.596	695	53	-749	1023	2	7062	
3.617	695	53	-749	1023	2	7088	
3.643	695	53	-749	1023	2	7108	
3.668	695	53	-749	1023	2	7134	
3.689	695	53	-749	1023	2	7160	
3.715	695	53	-749	1023	2	7181	
3.735	695	53	-749	1023	2	7206	
3.761	695	53	-749	1023	2	7227	
3.782	695	53	-749	1023	2	7253	
3.808	695	53	-749	1023	2	7273	
3.834	695	53	-749	1023	2	7299	
3.854	695	53	-749	1023	2	7325	
3.88	695	53	-749	1023	2	7345	
3.9	695	53	-749	1023	2	7371	
3.926	695	53	-749	1023	2	7392	
3.946	695	53	-749	1023	2	7417	
3.972	695	53	-749	1023	2	7438	
3.993	695	53	-749	1023	2	7464	
4.019	695	53	-749	1023	2	7490	
4.045	695	53	-749	1023	2	7510	
4.065	695	53	-749	1023	2	7536	
4.091	695	53	-749	1023	2	7556	
4.111	695	53	-749	1023	2	7582	
4.143	695	53	-749	1023	2	7603	
4.163	695	53	-749	1023	2	7634	
4.189	695	53	-749	1023	2	7655	
4.217	695	53	-749	1023	2	7681	
4.237	695	53	-749	1023	2	7708	
4.263	695	53	-749	1023	2	7729	
4.283	695	53	-749	1023	2	7754	
4.309	695	53	-749	1023	2	7775	
4.33	695	53	-749	1023	2	7801	
4.355	695	53	-749	1023	2	7821	
4.381	695	53	-749	1023	2	7847	
4.402	695	53	-749	1023	2	7873	
4.428	695	53	-749	1023	2	7893	
4.449	695	53	-749	1023	2	7919	
4.474	695	53	-749	1023	2	7940	
4.495	695	53	-749	1023	2	7966	
4.521	695	53	-749	1023	2	7986	
4.541	695	53	-749	1023	2	8012	
4.567	695	53	-749	1023	2	8033	
4.593	695	53	-749	1023	2	8058	
4.613	695	53	-749	1023	2	8084	
4.639	695	53	-749	1023	2	8105	
4.659	695	53	-749	1023	2	8130	
4.685	695	53	-749	1023	2	8151	
4.706	695	53	-749	1023	2	8176	
4.731	695	53	-749	1023	2	8197	
4.757	695	53	-749	1023	2	8223	
4.778	695	53	-749	1023	2	8249	
4.803	695	53	-749	1023	2	8269	
4.824	695	53	-749	1023	2	8295	
4.85	695	53	-749	1023	2	8316	
4.87	695	53	-749	1023	2	8341	
4.896	695	53	-749	1023	2	8362	
4.917	695	53	-749	1023	2	8388	
4.943	695	53	-749	1023	2	8413	
4.968	695	53	-749	1023	2	8434	
4.989	596	19	-832	1023	1	8460	
5.018	423	-48	-931	1023	-3	8480	
5.038	-607	-663	-489	1023	-41	8509	
5.067	-871	-874	689	1413	-39	8530	
5.087	-931	-935	833	1560	-37	8558	
5.116	-939	-941	848	1576	-37	8579	
5.142	-943	-944	856	1585	-37	8608	
5.166	-946	-944	859	1588	-37	8637	
5.191	-946	-944	859	1588	-37	8657	
5.212	-946	-944	859	1588	-37	8683	
5.241	-946	-944	859	1588	-37	8704	
5.261	-946	-944	859	1588	-37	8732	
5.287	-946	-944	859	1588	-37	8752	
5.313	-946	-944	859	1588	-37	8778	
5.334	-946	-944	859	1588	-37	8805	
5.36	-946	-944	859	1588	-37	8825	
5.38	-946	-944	859	1588	-37	8851	
5.406	-946	-944	859	1588	-37	8872	
5.427	-946	-944	859	1588	-37	8898	
5.453	-946	-944	859	1588	-37	8918	
5.473	-946	-944	859	1588	-37	8944	
5.499	-946	-944	859	1588	-37	8965	
5.525	-946	-944	859	1588	-37	8990	
5.545	-946	-944	859	1588	-37	9016	
5.571	-946	-944	859	1588	-37	9037	
5.591	-946	-944	859	1588	-37	9062	
5.617	-946	-944	859	1588	-37	9083	
5.638	-946	-944	859	1588	-37	9109	
5.664	-946	-944	859	1588	-37	9129	
5.693	-946	-944	859	1588	-37	9159	
5.714	-946	-944	859	1588	-37	9185	
5.74	-946	-944	859	1588	-37	9205	
5.76	-946	-944	859	1588	-37	9231	
5.786	-946	-944	859	1588	-37	9252	
5.806	-946	-944	859	1588	-37	9277	
5.832	-946	-944	859	1588	-37	9298	
5.853	-946	-944	859	1588	-37	9324	
5.878	-946	-944	859	1588	-37	9349	
5.904	-946	-944	859	1588	-37	9370	
5.924	-946	-944	859	1588	-37	9395	
5.95	-946	-944	859	1588	-37	9415	
5.97	-946	-944	859	1588	-37	9441	
5.996	-946	-944	859	1588	-37	9461	
6.016	-946	-944	859	1588	-37	9487	
6.042	-946	-944	859	1588	-37	9508	
6.068	-946	-944	859	1588	-37	9533	
6.088	-946	-944	859	1588	-37	9559	
6.114	-946	-944	859	1588	-37	9580	
6.135	-946	-944	859	1588	-37	9606	
6.161	-946	-944	859	1588	-37	9626	
6.181	-946	-944	859	1588	-37	9652	
6.207	-946	-944	859	1588	-37	9673	
6.233	-946	-944	859	1588	-37	9699	
6.253	-946	-944	859	1588	-37	9724	
6.279	-946	-944	859	1588	-37	9745	
6.3	-946	-944	859	1588	-37	9771	
6.326	-946	-944	859	1588	-37	9791	
6.346	-946	-944	859	1588	-37	9817	
6.372	-946	-944	859	1588	-37	9837	
6.393	-946	-944	859	1588	-37	9864	
6.419	-946	-944	859	1588	-37	9889	
6.444	-946	-944	859	1588	-37	9910	
6.465	-946	-944	859	1588	-37	9936	
6.491	-946	-944	859	1588	-37	9956	
6.511	-946	-944	859	1588	-37	9982	
6.537	-946	-944	859	1588	-37	10002	
6.557	-946	-944	859	1588	-37	10028	
6.583	-946	-944	859	1588	-37	10049	
6.609	-946	-944	859	1588	-37	10074	
6.629	-946	-944	859	1588	-37	10100	
6.655	-946	-944	859	1588	-37	10121	
6.676	-946	-944	859	1588	-37	10146	
6.701	-946	-944	859	1588	-37	10167	
6.722	-946	-944	859	1588	-37	10193	
6.748	-946	-944	859	1588	-37	10213	
6.774	-946	-944	859	1588	-37	10240	
6.795	-946	-944	859	1588	-37	10266	
6.821	-946	-944	859	1588	-37	10286	
6.854	-782	-1023	782	1506	-43	10325	
6.885	-722	-1023	722	1445	-46	10345	
6.906	-605	-1023	605	1333	-51	10377	
6.932	-581	-1023	581	1312	-52	10397	
6.953	-565	-1023	565	1298	-53	10424	
6.978	-560	-1023	560	1293	-53	10444	
7.005	-524	-1023	524	1263	-55	10470	
7.025	-502	-1023	502	1245	-56	10496	
7.055	-472	-1023	472	1221	-57	10521	
7.076	-457	-1023	457	1210	-58	10547	
7.104	-446	-1023	446	1201	-59	10570	
7.124	-443	-1023	443	1199	-59	10595	
7.155	-440	-1023	440	1197	-59	10616	
7.184	-427	-1023	427	1187	-60	10646	
7.205	-386	-1023	386	1159	-62	10676	
7.233	-329	-1023	329	1123	-66	10696	
7.253	-269	-1023	269	1091	-70	10724	
7.289	-246	-1023	246	1080	-72	10745	
7.309	-210	-1023	210	1065	-74	10780	
7.337	-183	-1023	183	1055	-76	10803	
7.358	-160	-1023	160	1047	-78	10829	
7.387	-94	-1023	94	1031	-83	10858	
7.417	-30	-1023	30	1023	-88	10878	
7.437	58	-1023	58	1026	-86	10908	
7.466	85	-1023	85	1030	-84	10929	
7.487	122	-1023	122	1037	-81	10957	
7.516	131	-1023	131	1039	-80	10978	
7.536	167	-1023	167	1049	-78	11007	
7.566	173	-1023	173	1051	-77	11029	
7.592	182	-1023	182	1054	-76	11057	
7.612	185	-1023	185	1055	-76	11083	
7.638	186	-1023	186	1056	-76	11103	
7.658	186	-1023	186	1056	-76	11129	
7.687	190	-1023	190	1057	-76	11153	
7.708	193	-1023	193	1058	-76	11179	
7.737	197	-1023	197	1060	-75	11202	
7.765	200	-1023	200	1061	-75	11228	
7.786	205	-1023	205	1063	-75	11256	
7.815	205	-1023	205	1063	-75	11281	
7.835	205	-1023	205	1063	-75	11306	
7.861	205	-1023	205	1063	-75	11327	
7.882	205	-1023	205	1063	-75	11353	
7.908	205	-1023	205	1063	-75	11373	
7.929	205	-1023	205	1063	-75	11400	
7.954	205	-1023	205	1063	-75	11420	
7.98	205	-1023	205	1063	-75	11446	
8.001	205	-1023	205	1063	-75	11472	
8.027	205	-1023	205	1063	-75	11492	
8.047	205	-1023	205	1063	-75	11518	
8.073	205	-1023	205	1063	-75	11539	
8.094	205	-1023	205	1063	-75	11565	
8.119	205	-1023	205	1063	-75	11585	
8.145	205	-1023	205	1063	-75	11611	
8.166	205	-1023	205	1063	-75	11637	
8.191	205	-1023	205	1063	-75	11657	
8.212	205	-1023	205	1063	-75	11683	
8.238	205	-1023	205	1063	-75	11704	
8.259	205	-1023	205	1063	-75	11730	
8.284	205	-1023	205	1063	-75	11750	
8.305	205	-1023	205	1063	-75	11776	
8.33	205	-1023	205	1063	-75	11801	
8.356	205	-1023	205	1063	-75	11822	
8.376	205	-1023	205	1063	-75	11847	
8.402	205	-1023	205	1063	-75	11868	
8.423	205	-1023	205	1063	-75	11894	
8.454	254	-1023	254	1084	-71	11914	
8.475	433	-1023	433	1192	-60	11946	
8.501	483	-1023	483	1230	-57	11966	
8.526	592	-1012	572	1304	-51	11992	
8.547	647	-977	571	1303	-49	12018	
8.572	673	-961	574	1306	-48	12038	
8.593	693	-949	578	1309	-47	12064	
8.623	714	-939	587	1317	-46	12089	
8.644	730	-932	595	1324	-45	12115	
8.67	750	-926	611	1339	-44	12135	
8.713	759	-923	617	1344	-44	12177	
8.733	764	-923	623	1350	-44	12204	
8.759	769	-921	626	1353	-43	12225	
8.784	786	-911	633	1359	-43	12255	
8.81	801	-900	636	1362	-42	12275	
8.834	814	-894	644	1369	-41	12305	
8.863	818	-893	648	1373	-41	12328	
8.884	832	-882	650	1375	-40	12355	
8.909	837	-879	653	1378	-40	12380	
8.935	848	-871	656	1381	-40	12401	
8.955	849	-869	655	1380	-40	12426	
8.981	853	-867	657	1382	-39	12447	
9.001	859	-868	666	1390	-39	12472	
9.032	860	-868	668	1392	-39	12493	
9.052	863	-868	672	1396	-39	12523	
9.078	863	-868	672	1396	-39	12544	
9.104	863	-868	672	1396	-39	12570	
9.124	863	-868	672	1396	-39	12595	
9.15	863	-868	672	1396	-39	12616	
9.171	863	-868	672	1396	-39	12642	
9.197	863	-868	672	1396	-39	12662	
9.218	863	-868	672	1396	-39	12689	
9.244	863	-868	672	1396	-39	12709	
9.269	863	-868	672	1396	-39	12735	
9.29	863	-868	672	1396	-39	12761	
9.32	863	-868	672	1396	-39	12782	
9.34	863	-868	672	1396	-39	12811	
9.366	863	-868	672	1396	-39	12831	
9.388	863	-868	672	1396	-39	12857	
9.414	863	-868	672	1396	-39	12880	
9.434	863	-868	672	1396	-39	12905	
9.46	863	-868	672	1396	-39	12926	
9.487	863	-868	672	1396	-39	12952	
9.508	863	-868	672	1396	-39	12979	
9.534	863	-868	672	1396	-39	12999	
9.554	863	-868	672	1396	-39	13025	
9.58	863	-868	672	1396	-39	13046	
9.601	863	-868	672	1396	-39	13071	
9.626	863	-868	672	1396	-39	13092	
9.652	863	-868	672	1396	-39	13118	
9.672	863	-868	672	1396	-39	13143	
9.701	863	-868	672	1396	-39	13164	
9.721	863	-868	672	1396	-39	13192	
9.747	863	-868	672	1396	-39	13212	
9.768	885	-844	670	1394	-38	13238	
9.793	925	-795	664	1388	-35	13259	
9.814	1023	-444	444	1200	-22	13285	
9.84	1023	-379	379	1154	-20	13311	
9.87	1023	-329	329	1123	-18	13332	
9.891	1023	-285	285	1099	-16	13362	
9.921	1023	-258	258	1086	-14	13386	
9.941	1023	-236	236	1076	-13	13412	
9.972	1023	-199	199	1061	-11	13437	
9.992	1023	-159	159	1047	-9	13463	
10.02	1023	-44	44	1024	-3	13486	
10.056	1020	53	-58	1023	2	13512	
10.076	905	147	-454	1023	8	13547	
10.104	842	195	-548	1023	10	13570	
10.124	825	208	-569	1023	11	13595	
10.155	809	220	-587	1023	12	13621	
10.176	804	222	-593	1023	12	13647	
10.204	798	222	-601	1023	12	13669	
10.255	794	222	-606	1023	12	13696	
10.275	785	222	-618	1023	12	13746	
10.305	780	222	-624	1023	12	13771	
10.325	776	222	-629	1023	12	13796	
10.354	772	222	-634	1023	12	13819	
10.374	772	222	-634	1023	12	13845	
10.401	771	222	-635	1023	12	13867	
10.422	771	222	-635	1023	12	13893	
10.454	771	222	-635	1023	12	13913	
10.479	766	226	-640	1023	12	13945	
10.499	759	232	-646	1023	13	13970	
10.525	755	237	-649	1023	13	13991	
10.545	749	243	-654	1023	13	14016	
10.571	745	247	-657	1023	13	14037	
10.592	737	260	-661	1023	14	14063	
10.617	701	297	-684	1023	16	14083	
10.643	659	330	-710	1023	18	14109	
10.667	589	369	-751	1023	21	14138	
10.693	553	384	-771	1023	22	14158	
10.715	522	395	-787	1023	22	14186	
10.741	513	397	-792	1023	22	14206	
10.767	504	398	-797	1023	22	14238	
10.792	502	398	-798	1023	22	14258	
10.817	457	424	-812	1023	24	14288	
10.842	412	453	-820	1023	26	14313	
10.87	76	725	-718	1023	45	14335	
10.89	-182	881	-488	1023	59	14361	
10.951	-989	933	895	1627	34	14410	
10.972	-1023	913	913	1647	33	14443	
11.005	-1023	915	915	1649	33	14463	
11.026	-1023	915	915	1649	33	14497	
11.051	-1023	915	915	1649	33	14517	
11.077	-1023	915	915	1649	33	14543	
11.098	-1023	915	915	1649	33	14569	
11.127	-1023	915	915	1649	33	14589	
11.147	-1023	913	913	1647	33	14618	
11.173	-1023	913	913	1647	33	14639	
11.193	-1023	911	911	1645	33	14664	
11.219	-1023	909	909	1642	33	14685	
11.248	-1023	909	909	1642	33	14711	
11.269	-1023	909	909	1642	33	14740	
11.295	-1023	909	909	1642	33	14760	
11.315	-1023	909	909	1642	33	14786	
11.341	-1023	909	909	1642	33	14806	
11.362	-1023	909	909	1642	33	14833	
11.388	-1023	909	909	1642	33	14853	
11.408	-1023	909	909	1642	33	14879	
11.434	-1023	909	909	1642	33	14905	
11.46	-1023	909	909	1642	33	14926	
11.481	-1023	909	909	1642	33	14952	
11.506	-1023	909	909	1642	33	14972	
11.527	-1023	909	909	1642	33	14998	
11.552	-1023	909	909	1642	33	15018	
11.573	-1023	909	909	1642	33	15044	
11.607	-1023	909	909	1642	33	15069	
11.633	-1023	909	909	1642	33	15099	
11.654	-1023	909	909	1642	33	15125	
11.679	-1023	909	909	1642	33	15145	
11.7	-1023	909	909	1642	33	15171	
11.726	-1023	909	909	1642	33	15191	
11.746	-1023	909	909	1642	33	15217	
11.772	-1023	909	909	1642	33	15238	
11.798	-1023	909	909	1642	33	15263	
11.818	-1023	909	909	1642	33	15289	
11.845	-1023	909	909	1642	33	15310	
11.865	-1023	909	909	1642	33	15336	
11.891	-1023	909	909	1642	33	15356	
11.911	-1023	909	909	1642	33	15382	
11.937	-1023	909	909	1642	33	15402	
11.957	-1023	909	909	1642	33	15428	
11.983	-1023	909	909	1642	33	15449	
12.009	-1023	909	909	1642	33	15474	
12.029	-1023	909	909	1642	33	15500	
12.055	-1023	909	909	1642	33	15520	
12.076	-1023	909	909	1642	33	15546	
12.101	-1023	909	909	1642	33	15567	
12.122	-1023	909	909	1642	33	15593	
12.153	-1023	909	909	1642	33	15614	
12.179	-1023	909	909	1642	33	15645	
12.2	-1023	909	909	1642	33	15671	
12.227	-1023	909	909	1642	33	15691	
12.247	-1023	909	909	1642	33	15718	
12.282	-1023	909	909	1642	33	15745	
12.302	-1023	909	909	1642	33	15773	
12.328	-1023	909	909	1642	33	15794	
12.35	-1023	909	909	1642	33	15821	
12.376	-1023	909	909	1642	33	15847	
12.404	-1023	909	909	1642	33	15867	
12.425	-1023	909	909	1642	33	15895	
12.45	-1023	909	909	1642	33	15916	
12.471	-1023	909	909	1642	33	15942	
12.497	-1023	909	909	1642	33	15962	
12.517	-1023	909	909	1642	33	15988	
12.543	-1023	909	909	1642	33	16009	
12.569	-1023	909	909	1642	33	16034	
12.589	-1023	909	909	1642	33	16060	
12.615	-1023	909	909	1642	33	16081	
12.636	-1023	909	909	1642	33	16107	
12.662	-1023	909	909	1642	33	16127	
12.682	-1023	909	909	1642	33	16153	
12.708	-1023	909	909	1642	33	16174	
12.735	-1023	909	909	1642	33	16200	
12.755	-1023	909	909	1642	33	16226	
12.781	-1023	909	909	1642	33	16247	
12.801	-1023	909	909	1642	33	16272	
12.827	-1023	909	909	1642	33	16293	
12.848	-1023	909	909	1642	33	16319	
12.874	-1023	909	909	1642	33	16339	
12.898	-1023	909	909	1642	33	16369	
12.924	-1023	909	909	1642	33	16390	
12.95	-1023	909	909	1642	33	16416	
12.971	-1023	909	909	1642	33	16442	
12.996	-1023	909	909	1642	33	16462	
13.017	-1023	909	909	1642	33	16488	
13.043	-1023	909	909	1642	33	16508	
13.063	-1023	909	909	1642	33	16534	
13.09	-1023	909	909	1642	33	16555	
13.117	-1023	909	909	1642	33	16583	
13.138	-1023	909	909	1642	33	16609	
13.163	-1023	909	909	1642	33	16629	
13.184	-1023	909	909	1642	33	16655	
13.209	-1023	909	909	1642	33	16675	
13.23	-1023	909	909	1642	33	16701	
13.256	-1023	909	909	1642	33	16722	
13.277	-1023	909	909	1642	33	16748	
13.302	-1023	909	909	1642	33	16773	
13.328	-1023	909	909	1642	33	16794	
13.349	-1023	909	909	1642	33	16820	
13.375	-1023	909	909	1642	33	16840	
13.395	-1023	909	909	1642	33	16866	
13.421	-940	297	-274	1023	16	16887	
13.441	-817	-195	-584	1023	-11	16912	
13.5	-633	-984	567	1300	-50	16958	
13.526	-623	-1017	613	1340	-50	16992	
13.547	-623	-1017	613	1340	-50	17018	
13.572	-623	-1017	613	1340	-50	17038	
13.593	-623	-1017	613	1340	-50	17064	
13.621	-623	-1017	613	1340	-50	17085	
13.642	-623	-1017	613	1340	-50	17113	
13.668	-623	-1017	613	1340	-50	17133	
13.693	-623	-1017	613	1340	-50	17159	
13.714	-623	-1017	613	1340	-50	17185	
13.741	-623	-1017	613	1340	-50	17205	
13.761	-623	-1017	613	1340	-50	17232	
13.787	-623	-1017	613	1340	-50	17253	
13.808	-623	-1017	613	1340	-50	17279	
13.834	-623	-1017	613	1340	-50	17299	
13.854	-623	-1017	613	1340	-50	17325	
13.88	-623	-1017	613	1340	-50	17351	
13.906	-623	-1017	613	1340	-50	17371	
13.926	-623	-1017	613	1340	-50	17397	
13.952	-623	-1017	613	1340	-50	17417	
13.972	-623	-1017	613	1340	-50	17443	
13.998	-623	-1017	613	1340	-50	17464	
14.019	-623	-1017	613	1340	-50	17489	
14.048	-623	-1017	613	1340	-50	17514	
14.074	-623	-1017	613	1340	-50	17539	
14.095	-623	-1017	613	1340	-50	17566	
14.121	-623	-1017	613	1340	-50	17586	
14.141	-623	-1017	613	1340	-50	17612	
14.17	-623	-1017	613	1340	-50	17633	
14.19	-623	-1017	613	1340	-50	17661	
14.216	-623	-1017	613	1340	-50	17682	
14.242	-623	-1017	613	1340	-50	17708	
14.262	-623	-1017	613	1340	-50	17733	
14.29	-623	-1017	613	1340	-50	17754	
14.311	-623	-1017	613	1340	-50	17782	
14.336	-623	-1017	613	1340	-50	17802	
14.357	-623	-1017	613	1340	-50	17828	
14.383	-623	-1017	613	1340	-50	17849	
14.404	-623	-1017	613	1340	-50	17875	
14.429	-623	-1017	613	1340	-50	17895	
14.455	-623	-1017	613	1340	-50	17921	
14.476	-623	-1017	613	1340	-50	17947	
14.502	-623	-1017	613	1340	-50	17967	
14.522	-623	-1017	613	1340	-50	17993	
14.548	-623	-1017	613	1340	-50	18014	
14.569	-623	-1017	613	1340	-50	18040	
14.604	-623	-1017	613	1340	-50	18060	
14.63	-623	-1017	613	1340	-50	18095	
14.651	-623	-1017	613	1340	-50	18122	
14.685	-623	-1017	613	1340	-50	18142	
14.706	-623	-1017	613	1340	-50	18177	
14.733	-623	-1017	613	1340	-50	18197	
14.753	-623	-1017	613	1340	-50	18224	
14.778	-623	-1017	613	1340	-50	18244	
14.799	-623	-1017	613	1340	-50	18270	
14.827	-623	-1017	613	1340	-50	18297	
14.852	-623	-1017	613	1340	-50	18318	
14.873	-623	-1017	613	1340	-50	18344	
14.898	-623	-1017	613	1340	-50	18364	
14.919	-623	-1017	613	1340	-50	18390	
14.944	-623	-1017	613	1340	-50	18410	
14.965	-623	-1017	613	1340	-50	18436	
14.991	-623	-1017	613	1340	-50	18456	
15.017	-623	-1017	613	1340	-50	18482	
15.037	-623	-1017	613	1340	-50	18508	
15.066	-623	-1017	613	1340	-50	18529	
15.088	-623	-1017	613	1340	-50	18559	
15.114	-623	-1017	613	1340	-50	18579	
15.134	-623	-1017	613	1340	-50	18605	
15.168	-623	-1017	613	1340	-50	18633	
15.193	-623	-1017	613	1340	-50	18659	
15.214	-623	-1017	613	1340	-50	18685	
15.239	-623	-1017	613	1340	-50	18705	
15.261	-623	-1017	613	1340	-50	18731	
15.293	-515	-956	364	1145	-57	18759	
15.313	-201	-701	-718	1023	-44	18784	
15.34	207	-247	-971	1023	-14	18805	
15.366	483	34	-902	1023	1	18837	
15.391	519	62	-880	1023	3	18857	
15.427	534	83	-869	1023	4	18892	
15.447	535	86	-868	1023	4	18918	
15.473	535	86	-868	1023	4	18938	
15.493	535	86	-868	1023	4	18964	
15.521	535	86	-868	1023	4	18985	
15.541	533	86	-869	1023	4	19012	
15.567	533	86	-869	1023	4	19032	
15.593	533	86	-869	1023	4	19058	
15.613	533	86	-869	1023	4	19084	
15.639	533	86	-869	1023	4	19105	
15.666	533	86	-869	1023	4	19137	
15.692	533	86	-869	1023	4	19157	
15.712	533	86	-869	1023	4	19183	
15.738	533	86	-869	1023	4	19203	
15.758	533	86	-869	1023	4	19229	
15.784	533	86	-869	1023	4	19255	
15.81	533	86	-869	1023	4	19275	
15.831	533	86	-869	1023	4	19301	
15.856	533	86	-869	1023	4	19322	
15.877	533	86	-869	1023	4	19348	
15.909	533	86	-869	1023	4	19369	
15.929	533	86	-869	1023	4	19400	
15.955	533	86	-869	1023	4	19420	
15.981	533	86	-869	1023	4	19446	
16.002	533	86	-869	1023	4	19473	
16.035	533	86	-869	1023	4	19493	
16.055	533	86	-869	1023	4	19526	
16.083	533	86	-869	1023	4	19547	
16.103	533	86	-869	1023	4	19574	
16.129	533	86	-869	1023	4	19595	
16.161	533	86	-869	1023	4	19621	
16.181	533	86	-869	1023	4	19652	
16.207	533	86	-869	1023	4	19673	
16.229	533	86	-869	1023	4	19700	
16.255	533	86	-869	1023	4	19720	
16.275	533	86	-869	1023	4	19746	
16.301	533	86	-869	1023	4	19767	
16.321	533	86	-869	1023	4	19792	
16.347	533	86	-869	1023	4	19818	
16.373	533	86	-869	1023	4	19839	
16.393	533	86	-869	1023	4	19864	
16.419	533	86	-869	1023	4	19884	
16.439	533	86	-869	1023	4	19910	
16.465	533	86	-869	1023	4	19931	
16.486	533	86	-869	1023	4	19957	
16.513	533	86	-869	1023	4	19978	
16.539	533	86	-869	1023	4	20005	
16.56	533	86	-869	1023	4	20031	
16.59	533	86	-869	1023	4	20051	
16.611	533	86	-869	1023	4	20082	
16.636	533	86	-869	1023	4	20102	
16.669	533	86	-869	1023	4	20140	
16.695	533	86	-869	1023	4	20161	
16.721	533	86	-869	1023	4	20186	
16.76	474	183	-888	1023	10	20231	
16.786	420	242	-901	1023	13	20251	
16.806	398	263	-905	1023	14	20277	
16.84	380	283	-907	1023	16	20298	
16.863	221	464	-885	1023	26	20334	
16.889	194	507	-868	1023	29	20354	
16.909	163	549	-848	1023	32	20380	
16.939	122	618	-807	1023	37	20401	
16.968	83	697	-745	1023	42	20430	
16.988	27	860	-554	1023	57	20459	
17.026	13	916	-456	1023	63	20489	
17.047	4	949	-382	1023	68	20518	
17.073	-2	969	-328	1023	71	20539	
17.093	-9	992	-250	1023	75	20564	
17.15	-16	1022	-43	1023	87	20586	
17.176	-25	1023	25	1023	88	20642	
17.197	-29	1023	29	1023	87	20668	
17.224	-31	1023	31	1023	87	20689	
17.244	-31	1023	31	1023	87	20715	
17.27	-31	1023	31	1023	87	20735	
17.29	-31	1023	31	1023	87	20761	
17.319	-31	1023	31	1023	87	20782	
17.34	-31	1023	31	1023	87	20811	
17.365	-31	1023	31	1023	87	20836	
17.394	-31	1023	31	1023	87	20857	
17.414	-31	1023	31	1023	87	20885	
17.44	-31	1023	31	1023	87	20906	
17.46	-31	1023	31	1023	87	20931	
17.486	-31	1023	31	1023	87	20952	
17.507	-31	1023	31	1023	87	20977	
17.532	-31	1023	31	1023	87	20998	
17.558	-31	1023	31	1023	87	21024	
17.579	-31	1023	31	1023	87	21050	
17.604	-31	1023	31	1023	87	21070	
17.625	-31	1023	31	1023	87	21096	
17.651	-31	1023	31	1023	87	21116	
17.671	-31	1023	31	1023	87	21142	
17.698	-31	1023	31	1023	87	21163	
17.724	-31	1023	31	1023	87	21190	
17.744	-31	1023	31	1023	87	21215	
17.773	-31	1023	31	1023	87	21236	
17.793	-31	1023	31	1023	87	21264	
17.819	-31	1023	31	1023	87	21285	
17.84	-31	1023	31	1023	87	21311	
17.866	-31	1023	31	1023	87	21331	
17.886	-31	1023	31	1023	87	21357	
17.912	-31	1023	31	1023	87	21378	
17.938	-31	1023	31	1023	87	21404	
17.958	-29	1023	29	1023	87	21429	
17.986	-23	1023	23	1023	88	21451	
18.006	-20	1023	20	1023	88	21477	
18.038	-8	1023	8	1023	89	21501	
18.058	-5	1023	5	1023	89	21529	
18.087	1	1023	1	1023	89	21552	
18.114	4	1023	4	1023	89	21580	
18.134	4	1023	4	1023	89	21605	
18.168	4	1023	4	1023	89	21626	
18.189	6	1023	6	1023	89	21660	
18.217	6	1023	6	1023	89	21680	
18.238	7	1023	7	1023	89	21708	
18.263	9	1023	9	1023	89	21729	
18.284	9	1023	9	1023	89	21755	
18.309	9	1023	9	1023	89	21780	
18.341	7	869	-540	1023	58	21801	
18.361	7	869	-540	1023	58	21832	
18.387	5	738	-709	1023	46	21852	
18.407	5	738	-709	1023	46	21878	
18.433	4	627	-809	1023	37	21899	
18.454	4	627	-809	1023	37	21925	
18.499	3	532	-874	1023	31	21960	
18.524	2	452	-918	1023	26	21990	
18.545	2	452	-918	1023	26	22016	
18.571	2	452	-918	1023	26	22037	
18.591	1	384	-949	1023	22	22062	
18.621	1	384	-949	1023	22	22083	
18.641	0	326	-970	1023	18	22112	
18.669	0	326	-970	1023	18	22133	
18.696	0	277	-985	1023	15	22162	
18.716	0	277	-985	1023	15	22187	
18.743	0	235	-996	1023	13	22208	
18.764	0	235	-996	1023	13	22235	
18.789	0	199	-1004	1023	11	22255	
18.81	0	199	-1004	1023	11	22281	
18.836	0	169	-1009	1023	9	22302	
18.857	0	169	-1009	1023	9	22328	
18.883	0	143	-1013	1023	8	22354	
18.922	0	143	-1013	1023	8	22375	
18.948	0	121	-1016	1023	6	22418	
18.973	0	121	-1016	1023	6	22439	
18.995	0	102	-1018	1023	5	22466	
19.028	0	102	-1018	1023	5	22493	
19.048	0	86	-1020	1023	4	22519	
19.076	0	73	-1021	1023	4	22540	
19.102	0	73	-1021	1023	4	22567	
19.122	0	62	-1022	1023	3	22593	
19.151	0	62	-1022	1023	3	22614	
19.171	0	52	-1022	1023	2	22642	
19.203	0	52	-1022	1023	2	22663	
19.225	0	44	-1023	1023	2	22696	
19.251	-1	1023	1	1023	89	22716	
19.284	-1	1023	1	1023	89	22742	
19.305	0	869	-540	1023	58	22776	
19.331	0	869	-540	1023	58	22796	
19.361	0	738	-709	1023	46	22832	
19.387	0	738	-709	1023	46	22852	
19.407	0	627	-809	1023	37	22878	
19.433	0	627	-809	1023	37	22898	
19.453	-24	1023	24	1023	88	22924	
19.488	-24	1023	24	1023	88	22945	
19.517	-20	869	-540	1023	58	22980	
19.538	-20	869	-540	1023	58	23009	
19.568	-17	738	-709	1023	46	23034	
19.588	-17	738	-709	1023	46	23059	
19.626	-14	627	-809	1023	37	23081	
19.646	-14	627	-809	1023	37	23117	
19.672	-11	532	-874	1023	31	23138	
19.702	-11	532	-874	1023	31	23164	
19.722	-9	452	-918	1023	26	23193	
19.748	-9	452	-918	1023	26	23214	
19.774	-7	384	-949	1023	22	23245	
19.8	-7	384	-949	1023	22	23265	
19.82	-5	326	-970	1023	18	23291	
19.846	-5	326	-970	1023	18	23311	
19.866	-4	277	-985	1023	15	23337	
19.892	-4	277	-985	1023	15	23363	
19.92	-3	235	-996	1023	13	23384	
19.94	-3	235	-996	1023	13	23411	
19.966	-2	199	-1004	1023	11	23432	
19.987	-2	199	-1004	1023	11	23458	
20.014	-1	169	-1009	1023	9	23480	
20.034	-1	169	-1009	1023	9	23505	
20.07	0	143	-1013	1023	8	23526	
20.096	0	143	-1013	1023	8	23562	
20.116	0	121	-1016	1023	6	23587	
20.144	0	121	-1016	1023	6	23608	
20.165	0	102	-1018	1023	5	23636	
20.224	5	1023	5	1023	89	23678	
20.246	-6	1023	6	1023	89	23717	
20.274	0	1023	0	1023	90	23737	
20.3	0	1023	0	1023	90	23765	
20.32	0	1023	0	1023	90	23791	
20.347	0	1023	0	1023	90	23813	
20.367	0	1023	0	1023	90	23838	
20.395	0	1023	0	1023	90	23859	
20.415	0	1023	0	1023	90	23886	
20.441	0	1023	0	1023	90	23907	
20.462	0	1023	0	1023	90	23933	
20.488	0	1023	0	1023	90	23953	
20.519	0	1023	0	1023	90	23979	
20.54	0	1023	0	1023	90	24011	
20.566	0	1023	0	1023	90	24031	
20.591	0	1023	0	1023	90	24061	
20.616	0	1023	0	1023	90	24082	
20.637	0	1023	0	1023	90	24108	
20.664	0	1023	0	1023	90	24128	
20.689	0	1023	0	1023	90	24155	
20.71	0	1023	0	1023	90	24181	
20.736	0	1023	0	1023	90	24201	
20.756	0	1023	0	1023	90	24227	
20.785	0	1023	0	1023	90	24248	
20.806	0	1023	0	1023	90	24277	
20.832	0	1023	0	1023	90	24297	
20.86	0	1023	0	1023	90	24331	
20.897	0	1023	0	1023	90	24368	
20.924	0	1023	0	1023	90	24389	
20.944	0	1023	0	1023	90	24415	
20.97	0	1023	0	1023	90	24435	
20.99	0	1023	0	1023	90	24461	
21.034	0	1023	0	1023	90	24496	
21.054	0	1023	0	1023	90	24525	
21.085	0	1023	0	1023	90	24546	
21.111	0	1023	0	1023	90	24577	
21.132	0	1023	0	1023	90	24603	
21.165	0	1023	0	1023	90	24626	
21.186	0	1023	0	1023	90	24657	
21.219	0	1023	0	1023	90	24677	
21.24	0	1023	0	1023	90	24711	
21.266	0	1023	0	1023	90	24732	
21.292	0	1023	0	1023	90	24758	
21.313	0	1023	0	1023	90	24784	
21.339	0	1023	0	1023	90	24804	
21.359	0	1023	0	1023	90	24830	
21.384	0	1023	0	1023	90	24850	
21.405	0	1023	0	1023	90	24876	
21.468	-65	1023	65	1027	84	24922	
21.489	-98	1023	98	1032	82	24960	
21.537	-147	1023	147	1043	78	25008	
21.565	-180	1023	180	1054	76	25028	
21.586	-291	1023	291	1102	68	25057	
21.619	-358	1023	358	1141	63	25077	
21.639	-407	1023	407	1173	60	25110	
21.669	-423	1023	423	1185	59	25131	
21.689	-446	1023	446	1201	58	25160	
21.723	-473	1023	473	1222	56	25188	
21.75	-486	1023	486	1232	56	25215	
21.77	-498	1023	498	1241	55	25241	
21.805	-501	1023	501	1244	55	25262	
21.833	-508	1023	508	1250	54	25304	
21.859	-510	1023	510	1251	54	25325	
21.88	-510	1023	510	1251	54	25351	
21.908	-510	1023	510	1251	54	25374	
21.934	-510	1023	510	1251	54	25399	
21.954	-510	1023	510	1251	54	25425	
21.984	-510	1023	510	1251	54	25450	
22.005	-510	1023	510	1251	54	25476	
22.038	-510	1023	510	1251	54	25497	
22.058	-510	1023	510	1251	54	25529	
22.084	-510	1023	510	1251	54	25549	
22.105	-510	1023	510	1251	54	25576	
22.13	-510	1023	510	1251	54	25596	
22.157	-510	1023	510	1251	54	25622	
22.178	-510	1023	510	1251	54	25649	
22.204	-510	1023	510	1251	54	25669	
22.224	-510	1023	510	1251	54	25695	
22.25	-510	1023	510	1251	54	25716	
22.271	-510	1023	510	1251	54	25742	
22.296	-510	1023	510	1251	54	25762	
22.326	-510	1023	510	1251	54	25788	
22.346	-510	1023	510	1251	54	25817	
22.372	-510	1023	510	1251	54	25838	
22.396	-510	1023	510	1251	54	25867	
22.421	-510	1023	510	1251	54	25887	
22.442	-510	1023	510	1251	54	25913	
22.47	-510	1023	510	1251	54	25934	
22.49	-510	1023	510	1251	54	25961	
22.516	-510	1023	510	1251	54	25987	
22.542	-510	1023	510	1251	54	26008	
22.564	-510	1023	510	1251	54	26035	
22.593	-510	1023	510	1251	54	26059	
22.613	-510	1023	510	1251	54	26084	
22.646	-510	1023	510	1251	54	26105	
22.667	-510	1023	510	1251	54	26138	
22.693	-510	1023	510	1251	54	26158	
22.719	-510	1023	510	1251	54	26184	
22.74	-510	1023	510	1251	54	26211	
22.774	-510	1023	510	1251	54	26232	
22.794	-510	1023	510	1251	54	26265	
22.82	-510	1023	510	1251	54	26286	
22.841	-510	1023	510	1251	54	26312	
22.869	-510	1023	510	1251	54	26334	
22.895	-510	1023	510	1251	54	26360	
22.915	-510	1023	510	1251	54	26386	
22.959	-510	1023	510	1251	54	26407	
22.98	-510	1023	510	1251	54	26451	
23.005	-510	1023	510	1251	54	26471	
23.026	-510	1023	510	1251	54	26497	
23.052	-510	1023	510	1251	54	26517	
23.072	-510	1023	510	1251	54	26543	
23.104	-510	1023	510	1251	54	26564	
23.13	-510	1023	510	1251	54	26595	
23.15	-510	1023	510	1251	54	26621	
23.176	-510	1023	510	1251	54	26642	
23.197	-510	1023	510	1251	54	26668	
23.224	-510	1023	510	1251	54	26688	
23.245	-510	1023	510	1251	54	26716	
23.271	-510	1023	510	1251	54	26736	
23.308	-510	1023	510	1251	54	26762	
23.329	-510	1023	510	1251	54	26799	
23.354	-510	1023	510	1251	54	26820	
23.375	-510	1023	510	1251	54	26846	
23.403	-510	1023	510	1251	54	26866	
23.423	-510	1023	510	1251	54	26894	
23.45	-510	1023	510	1251	54	26915	
23.471	-510	1023	510	1251	54	26942	
23.497	-510	1023	510	1251	54	26968	
23.523	-510	1023	510	1251	54	26988	
23.544	-510	1023	510	1251	54	27015	
23.57	-510	1023	510	1251	54	27035	
23.59	-510	1023	510	1251	54	27061	
23.622	-510	1023	510	1251	54	27083	
23.648	-510	1023	510	1251	54	27119	
23.674	-510	1023	510	1251	54	27140	
23.701	-510	1023	510	1251	54	27166	
23.721	-510	1023	510	1251	54	27192	
23.749	-510	1023	510	1251	54	27213	
23.77	-510	1023	510	1251	54	27241	
23.795	-510	1023	510	1251	54	27261	
23.816	-510	1023	510	1251	54	27287	
23.842	-510	1023	510	1251	54	27308	
23.872	-510	1023	510	1251	54	27335	
23.892	-510	1023	510	1251	54	27363	
23.918	-510	1023	510	1251	54	27384	
23.938	-510	1023	510	1251	54	27409	
23.964	-510	1023	510	1251	54	27430	
23.985	-510	1023	510	1251	54	27456	
24.027	-510	1023	510	1251	54	27488	
24.048	-510	1023	510	1251	54	27519	
24.074	-510	1023	510	1251	54	27545	
24.1	-510	1023	510	1251	54	27565	
24.12	-510	1023	510	1251	54	27591	
24.151	-510	1023	510	1251	54	27612	
24.172	-510	1023	510	1251	54	27642	
24.197	-510	1023	510	1251	54	27663	
24.218	-510	1023	510	1251	54	27689	
24.244	-510	1023	510	1251	54	27709	
24.275	-510	1023	510	1251	54	27736	
24.296	-433	869	-323	1023	58	27767	
24.322	-433	869	-323	1023	58	27787	
24.349	-368	738	-606	1023	46	27820	
24.375	-312	627	-746	1023	37	27840	
24.395	-312	627	-746	1023	37	27866	
24.421	-312	627	-746	1023	37	27887	
24.454	-265	532	-833	1023	31	27913	
24.475	-225	452	-890	1023	26	27946	
24.501	-225	452	-890	1023	26	27966	
24.521	-191	384	-929	1023	22	27992	
24.551	-191	384	-929	1023	22	28013	
24.571	-162	326	-957	1023	18	28042	
24.597	-162	326	-957	1023	18	28063	
24.618	-162	326	-957	1023	18	28089	
24.647	-137	277	-976	1023	15	28109	
24.679	-137	277	-976	1023	15	28143	
24.7	-116	235	-989	1023	13	28171	
24.726	-98	199	-999	1023	11	28191	
24.747	-98	199	-999	1023	11	28218	
24.774	-98	199	-999	1023	11	28238	
24.795	-83	169	-1006	1023	9	28266	
24.821	-83	169	-1006	1023	9	28287	
24.847	-70	143	-1011	1023	8	28313	
24.867	-70	143	-1011	1023	8	28338	
24.894	-59	121	-1015	1023	6	28359	
24.915	-59	121	-1015	1023	6	28386	
24.941	-50	102	-1017	1023	5	28406	
24.962	-50	102	-1017	1023	5	28433	
24.988	-42	86	-1019	1023	4	28454	
25.024	-42	86	-1019	1023	4	28495	
25.061	-35	73	-1020	1023	4	28532	
25.089	-29	62	-1021	1023	3	28553	
25.109	-29	62	-1021	1023	3	28580	
25.137	-24	52	-1022	1023	2	28601	
25.157	-24	52	-1022	1023	2	28628	
25.183	-20	44	-1022	1023	2	28649	
25.204	-20	44	-1022	1023	2	28675	
25.235	-17	37	-1023	1023	2	28696	
25.261	-17	37	-1023	1023	2	28726	
25.283	-14	31	-1023	1023	1	28754	
25.308	-14	31	-1023	1023	1	28774	
25.33	-11	26	-1023	1023	1	28801	
25.376	-11	26	-1023	1023	1	28836	
25.396	0	0	-1023	1023	0	28867	
25.425	0	0	-1023	1023	0	28888	
25.451	0	0	-1023	1023	0	28916	
25.471	0	0	-1023	1023	0	28942	
25.504	0	0	-1023	1023	0	28965	
25.524	0	0	-1023	1023	0	28995	
25.552	0	0	-1023	1023	0	29016	
25.573	0	0	-1023	1023	0	29044	
25.599	0	0	-1023	1023	0	29065	
25.62	0	0	-1023	1023	0	29091	
25.645	0	0	-1023	1023	0	29111	
25.673	0	0	-1023	1023	0	29137	
25.707	0	0	-1023	1023	0	29178	
25.733	0	0	-1023	1023	0	29199	
25.753	0	0	-1023	1023	0	29224	
25.779	0	0	-1023	1023	0	29245	
25.8	0	0	-1023	1023	0	29270	
25.831	0	0	-1023	1023	0	29291	
25.856	0	0	-1023	1023	0	29322	
25.878	0	0	-1023	1023	0	29349	
25.918	0	0	-1023	1023	0	29378	
25.938	0	0	-1023	1023	0	29409	
25.97	0	0	-1023	1023	0	29430	
25.991	0	0	-1023	1023	0	29462	
26.017	0	0	-1023	1023	0	29482	
26.041	0	0	-1023	1023	0	29512	
26.072	0	0	-1023	1023	0	29543	
26.112	0	0	-1023	1023	0	29564	
26.14	0	0	-1023	1023	0	29611	
26.166	0	0	-1023	1023	0	29632	
26.187	0	0	-1023	1023	0	29658	
26.212	0	0	-1023	1023	0	29678	
26.233	0	0	-1023	1023	0	29704	
26.263	0	0	-1023	1023	0	29725	
26.289	0	0	-1023	1023	0	29755	
26.314	0	0	-1023	1023	0	29785	
26.342	0	0	-1023	1023	0	29808	
26.362	0	0	-1023	1023	0	29833	
26.406	0	0	-1023	1023	0	29863	
26.427	0	0	-1023	1023	0	29898	
26.458	0	0	-1023	1023	0	29918	
26.483	0	0	-1023	1023	0	29949	
26.504	0	0	-1023	1023	0	29975	
26.535	0	0	-1023	1023	0	29995	
26.555	0	0	-1023	1023	0	30026	
26.581	0	0	-1023	1023	0	30046	
26.602	0	0	-1023	1023	0	30073	
26.628	0	0	-1023	1023	0	30093	
26.648	0	0	-1023	1023	0	30119	
26.674	0	0	-1023	1023	0	30145	
26.702	0	0	-1023	1023	0	30168	
26.723	0	0	-1023	1023	0	30194	
26.749	0	0	-1023	1023	0	30214	
26.77	0	0	-1023	1023	0	30241	
26.796	0	0	-1023	1023	0	30261	
26.816	0	0	-1023	1023	0	30287	
26.844	0	0	-1023	1023	0	30308	
26.869	0	0	-1023	1023	0	30335	
26.89	0	0	-1023	1023	0	30361	
26.918	0	0	-1023	1023	0	30384	
26.939	0	0	-1023	1023	0	30409	
26.969	0	0	-1023	1023	0	30430	
26.989	0	0	-1023	1023	0	30460	
27.016	0	0	-1023	1023	0	30481	
27.043	0	0	-1023	1023	0	30508	
27.063	0	0	-1023	1023	0	30534	
27.09	0	0	-1023	1023	0	30555	
27.111	0	0	-1023	1023	0	30582	
27.141	0	0	-1023	1023	0	30603	
27.161	0	0	-1023	1023	0	30632	
27.187	0	0	-1023	1023	0	30652	
27.207	0	0	-1023	1023	0	30678	
27.233	0	0	-1023	1023	0	30699	
27.266	0	0	-1023	1023	0	30725	
27.286	0	0	-1023	1023	0	30757	
27.312	0	0	-1023	1023	0	30778	
27.338	0	0	-1023	1023	0	30809	
27.365	0	0	-1023	1023	0	30831	
27.386	0	0	-1023	1023	0	30857	
27.417	0	0	-1023	1023	0	30878	
27.443	0	0	-1023	1023	0	30908	
27.464	0	0	-1023	1023	0	30935	
27.49	0	0	-1023	1023	0	30956	